Название;Режиссёр;Страна производства;Жанр;Год выхода;Место в рейтинге;Средняя оценка пользователей сайта
Истребитель демонов: Поезд «Бесконечный»;Харуо Сотодзаки;Япония;боевик, приключения, анимация;2020;1;9.3
Шан-Чи и легенда десяти колец;Дестин Креттон;США;фэнтези, боевик, комедия;2021;2;9.2
Лука;Энрико Касароса;США;анимация, приключения, фэнтези;2021;3;9.1
Зеленая миля;Фрэнк Дарабонт;США;драма;1999;4;9.1
Небо;Игорь Копылов;Россия;военный, драма;2020;5;9.0
FORD против FERRARI;Джеймс Мэнголд;США;биография, драма, спорт;2019;6;9.0
1+1;Оливье Накаш;Франция;комедия, драма, биография;2011;7;9.0
Король Лев;Роджер Аллерс;США;мюзикл, приключения, драма, семейный, комедия, анимация;1994;8;9.0
Хатико: самый верный друг;Лассе Халльстрем;США;семейный, драма;2009;9;8.9
The Box;Ян Джон-ун;Корея;драма, музыка, мюзикл;2021;10;8.9
Побег из Шоушенка;Фрэнк Дарабонт;США;драма, триллер;1994;11;8.9
101 далматинец;Клайд Джероними;США;семейный, приключения, анимация;1961;12;8.9
Пираты Карибского моря: Проклятие черной жемчужины;Гор Вербински;США;приключения, боевик;2003;13;8.9
Душа;Пит Доктер;США;анимация, семейный, приключения, комедия;2020;14;8.9
Шугалей 3;Михаил Вассербаум;Россия;боевик;2021;15;Не указано
Кошачьи миры Луиса Уэйна;Уилл Шарп;Великобритания;биография, драма, исторический;2021;16;8.9
Круэлла;Крэйг Гиллеспи;США;комедия;2021;17;8.9
Как приручить дракона 3;Дин Деблуа;США;анимация, семейный, комедия, приключения;2018;18;8.9
Райя и последний дракон;Пол Бриггс;США;анимация;2021;20;8.8
Ходячий замок;Хаяо Миядзаки;Япония;аниме , сказка, фантастика, мелодрама;2004;21;8.8
Человек божий;Елена Попович;Греция;драма;2021;22;8.8
Аватар;Джеймс Кэмерон;США;боевик, фантастика, триллер;2009;23;8.8
Начало;Кристофер Нолан;США / Великобритания;боевик, фантастика, триллер;2010;24;8.8
Ее заветное желание;Тамура Котаро;Япония;анимация, драма, мелодрама;2020;25;8.8
Аватар: Специальная версия;Джеймс Кэмерон;США;боевик, триллер, фантастика;2010;26;8.8
Джентльмены;Гай Ричи;США;боевик, криминал;2020;27;8.8
Джентльмены удачи;Александр Серый;СССР;криминал, комедия;1971;28;8.8
Изгой;Роберт Земекис;США;приключения, драма;2000;29;8.7
Леон;Люк Бессон;Франция;драма, триллер, криминал;1994;30;8.7
Бриллиантовая рука;Леонид Гайдай;СССР;комедия, приключения, криминал;1968;31;8.7
Зеленая книга;Питер Фаррелли;США;драма;2018;32;8.7
Терминатор 2: судный день;Джеймс Кэмерон;США / Франция;боевик, триллер, фантастика, приключения;1991;33;8.7
Главный герой;Шон Леви;США;фантастика, боевик, комедия, приключения;2021;34;8.7
Место встречи изменить нельзя;Станислав Говорухин;СССР;криминал, детектив, боевик;1979;35;8.7
Пираты Карибского моря: На странных берегах;Роб Маршалл;США;боевик, комедия, приключения;2011;36;8.7
Холодное сердце 2;Крис Бак;США;анимация, семейный, детский;2019;37;8.7
Тайна Коко;Ли Анкрич;США;анимация, приключения;2017;38;8.7
Эверест;Тодд Вилдерман;США;анимация;2019;39;8.7
Где ты, Адам?;Александр Запорощенко;Россия;документальный;2019;40;8.7
Гнев человеческий;Гай Ричи;Великобритания;криминал, боевик, триллер;2021;41;8.7
Холодное сердце;Крис Бак;США;приключения, анимация, семейный;2013;42;8.7
Иван Васильевич меняет профессию;Леонид Гайдай;СССР;комедия, фантастика;1973;43;8.7
Богемская рапсодия;Брайан Сингер;США / Великобритания;драма, биография, мюзикл;2018;44;8.7
Любовь и голуби;Владимир Меньшов;СССР;комедия, мелодрама;1984;45;8.7
А зори здесь тихие;Станислав Ростоцкий;СССР;исторический, драма, военный;1972;46;8.7
Форрест Гамп;Роберт Земекис;США;комедия, мелодрама, драма;1994;47;8.7
Не время умирать;Кэри Фукунага;США / Великобритания;боевик, криминал, триллер, приключения;2021;48;8.7
Гладиатор;Ридли Скотт;Великобритания / США;приключения, драма, боевик;2000;49;8.7
Вайолет Эвергарден. Фильм;Таити Исидатэ;Япония;анимация, драма, фэнтези;2020;50;8.7
Титаник;Джеймс Кэмерон;США;мелодрама, драма, приключения;1997;51;8.6
Терминатор 2: Судный день 3D;Джеймс Кэмерон;США;боевик, триллер;2017;52;8.6
Законопослушный гражданин;Ф. Гэри Грей;США;триллер, драма;2009;53;8.6
Малефисента: Владычица тьмы;Хоаким Роннинг;США;фэнтези, семейный, приключения;2019;54;8.6
Унесенные призраками;Хаяо Миядзаки;Япония;аниме , семейный, анимация, приключения;2001;55;8.6
12 стульев;Марк Захаров;СССР;комедия, детектив;1976;56;8.6
Властелин Колец: Братство Кольца;Питер Джексон;Новая Зеландия / США;приключения, боевик, фэнтези;2001;57;8.6
Твое имя;Макото Синкай;Япония;анимация, фэнтези, мелодрама, аниме ;2016;58;8.6
Матрица;Лилли (Энди) Вачовски;Австралия / США;боевик, фантастика, триллер;1999;59;8.6
Достать ножи;Райан Джонсон;США;детектив, драма, криминал, комедия;2019;60;8.6
Области тьмы;Нил Бергер;США;триллер;2011;61;8.6
Брат;Алексей Балабанов;Россия;боевик, драма;1997;62;8.6
В метре друг от друга;Джастин Бальдони;США;мелодрама, драма;2019;63;8.6
Ну, погоди!;Вячеслав Котеночкин;СССР;короткометражный, анимация;1969;64;8.6
Титаник 3D;Джеймс Кэмерон;США;приключения, драма, мелодрама;1997;65;8.6
Привидение;Джерри Цукер;США;драма, фэнтези, триллер, мистика, комедия;1990;66;8.6
Пираты Карибского моря: На краю света;Гор Вербински;США;сказка, боевик, комедия, приключения;2007;67;8.6
Криминальное чтиво;Квентин Тарантино;США;драма;1994;68;8.6
Храброе сердце;Мэл Гибсон;США;военный, биография, боевик, драма;1995;69;8.6
Назад в будущее;Роберт Земекис;США;приключения, фантастика, комедия, боевик;1985;70;8.6
ВАЛЛ-И;Эндрю Стэнтон;США;семейный, фэнтези, анимация;2008;71;8.6
Капернаум;Надин Лабаки;Ливан / Франция;драма;2018;72;8.6
Мстители: Война бесконечности;Энтони Руссо;США;боевик, фантастика;2018;73;8.6
Собачья жизнь 2;Гейл Манкусо;США;семейный;2019;74;8.6
Игры разума;Рон Ховард;США;мистика, драма, биография;2001;75;8.6
Я - легенда!;Френсис Лоуренс;США;драма, фантастика, ужасы;2007;76;8.6
Пятый элемент;Люк Бессон;Франция;приключения, триллер, боевик, фантастика, мелодрама;1997;77;8.6
Сумерки;Кэтрин Хардвик;США;фэнтези, мелодрама;2008;78;8.6
Назад в будущее 3;Роберт Земекис;США;приключения, фантастика, вестерн, комедия, боевик;1990;79;8.6
Рапунцель: Запутанная История;Байрон Ховард;США;семейный, мюзикл, анимация, комедия;2010;81;8.5
Отец;Флориан Зеллер;Великобритания / Франция;драма;2020;82;8.5
Игра;Дэвид Финчер;США;криминал, приключения, триллер;1997;83;8.5
Ледниковый период;Карлос Салдана;США;комедия, приключения, анимация, семейный;2002;84;8.5
Как приручить дракона;Дин Деблуа;США;анимация, семейный, сказка;2010;85;8.5
Король Лев;Джон Фавро;США;фантастика, семейный;2019;86;8.5
Зверополис;Байрон Ховард;США;анимация, боевик, приключения, семейный, комедия;2016;87;8.5
Чего хотят женщины;Нэнси Мейерс;США;мелодрама, комедия;2000;88;8.5
Бойцовский клуб;Дэвид Финчер;США / Германия;триллер, боевик, драма;1999;89;8.5
Властелин Колец: Две крепости;Питер Джексон;США / Новая Зеландия / Германия;приключения, фэнтези, драма;2002;90;8.5
Джанго освобожденный;Квентин Тарантино;США;вестерн;2012;91;8.5
Добро пожаловать, или Посторонним вход воспрещен;Элем Климов;СССР;семейный, комедия;1964;92;8.5
Загадочная история Бенджамина Баттона;Дэвид Финчер;США;мелодрама, драма, мистика, фантастика;2008;93;8.5
Адвокат дьявола;Тэйлор Хэкфорд;США / Германия;триллер, драма;1997;94;8.5
Зов предков;Крис Сандерс;США;приключения, анимация, семейный;2020;95;8.5
Кощей. Начало;Андрей Колпин;Россия;анимация, приключения, семейный;2021;96;8.5
Шерлок Холмс;Гай Ричи;США / Великобритания;драма, боевик, криминал, приключения, мистика;2009;97;8.5
Троя;Вольфганг Петерсен;США / Мальта / Великобритания;исторический, приключения;2004;98;8.5
Холоп;Клим Шипенко;Россия;комедия;2019;99;8.5
Пассажиры;Мортен Тильдум;США;фантастика, приключения, мелодрама;2016;100;8.5
Достучаться до небес;Томас Ян;Германия / Нидерланды / Бельгия;боевик, драма, приключения, комедия;1997;101;8.5
Веном;Рубен Флейшер;США;фантастика, боевик, триллер;2018;102;8.5
Гарри Поттер и Дары смерти. Часть вторая;Дэвид Йейтс;США / Великобритания;семейный, фэнтези, драма, мистика, приключения;2011;103;8.5
Дневник памяти;Ник Кассаветис;США;драма, мелодрама;2004;104;8.5
Маленькие женщины;Грета Гервиг;США;мелодрама, драма;2019;105;8.5
Круиз по джунглям;Хауме Кольет-Серра;США;приключения;2021;106;8.5
Полицейский из Беверли-Хил;Эдди Мерфи;;боевик, триллер, комедия;Не указано;107;Не указано
Веном 2;Энди Серкис;США;фантастика, боевик;2021;108;8.5
Мстители: Финал;Энтони Руссо;США;боевик, фантастика;2019;109;8.5
Остров проклятых;Мартин Скорсезе;США;драма, мистика, триллер;2009;110;8.5
Железный человек;Джон Фавро;США;приключения, фантастика, боевик, триллер;2008;111;8.5
Пираты Карибского моря: Сундук мертвеца;Гор Вербински;США;боевик, сказка, комедия, приключения;2006;112;8.4
Хоббит: Нежданное путешествие;Питер Джексон;США;фэнтези, приключения;2012;113;8.4
Шрэк;Эндрю Адамсон;США;анимация, семейный, комедия;2001;114;8.4
Жизнь, как она есть;Грег Берланти;США;комедия;2010;115;8.4
Джуманджи;Джо Джонстон;США;семейный, триллер, комедия, приключения, фантастика, драма;1995;116;8.4
Сумерки. Сага. Новолуние;Крис Вайц;США;фэнтези, мелодрама;2009;117;8.4
Офицеры;Владимир Роговой;СССР;драма, мелодрама;1971;118;8.4
Кунг-Фу Панда;Марк Осборн;США;комедия, анимация;2008;119;8.4
Движение вверх;Антон Мегердичев;Россия;спорт, драма;2017;120;8.4
Пираты Карибского моря: Мертвецы не рассказывают сказки;Хоаким Роннинг;США;комедия, фэнтези, боевик, приключения;2017;121;8.4
Анастасия;Дон Блат;США;анимация, сказка, драма, мюзикл, семейный, приключения;1997;122;8.4
Алита: Боевой ангел;Роберт Родригес;США / Канада / Аргентина;фантастика, боевик, приключения, мелодрама;2018;123;8.4
Один день;Лоне Шерфиг;Великобритания;комедия, мелодрама;2011;124;8.4
Грань будущего;Даг Лайман;США;фантастика, боевик;2014;125;8.4
День сурка;Харольд Рэмис;США;комедия, мелодрама, фантастика;1993;126;8.4
Принц Персии: Пески времени;Майк Ньюэлл;США;приключения, мелодрама, боевик, фэнтези;2010;127;8.4
Живая сталь;Шон Леви;США;драма, боевик;2011;128;8.4
Хэнкок;Питер Берг;США;комедия, фантастика, боевик;2008;129;8.4
Красавица и чудовище;Гэри Троусдейл;США;сказка, мелодрама, мюзикл, семейный, анимация;1991;130;8.4
Брестская крепость;Александр Котт;Россия / Беларусь;драма, военный;2010;131;8.4
Поймай меня, если сможешь;Стивен Спилберг;США;комедия;2002;132;8.4
Добрыня Никитич и Змей Горыныч;Илья Максимов;Россия;сказка, комедия, анимация, семейный, приключения;2006;133;8.4
Брат 2;Алексей Балабанов;США / Россия;боевик, криминал;2000;134;8.4
Рататуй;Брэд Берд;США;комедия, семейный, анимация;2007;135;8.4
Семь;Дэвид Финчер;США;мистика, криминал, триллер;1995;136;8.4
Гарри Поттер и Дары смерти. Часть первая;Дэвид Йейтс;США / Великобритания;семейный, фэнтези, драма, мистика, приключения;2010;137;8.4
Серебряные коньки;Михаил Локшин;Россия;приключения, фэнтези;2020;138;8.4
Гарри Поттер и кубок огня;Майк Ньюэлл;США / Великобритания;семейный, приключения, триллер, фэнтези, сказка;2005;139;8.4
Три богатыря и шамаханская царица;Сергей Глезин;Россия;сказка, анимация;2010;140;8.3
Человек-паук: Вдали от дома;Джон Уоттс;США;фантастика, боевик;2019;141;8.3
По соображениям совести;Мэл Гибсон;США;военный, драма, биография;2016;142;8.3
Служебный роман;Эльдар Рязанов;СССР;мелодрама, комедия;1977;143;8.3
Мумия;Стивен Соммерс;США;триллер, комедия, боевик, сказка, ужасы, приключения;1999;144;8.3
Крепкий орешек;Джон МакТирнан;США;триллер, криминал, боевик;1988;145;8.3
Мистер и миссис Смит;Даг Лайман;США;триллер, приключения, боевик, мелодрама;2005;146;8.3
Вперёд;Дэн Скэнлон;США;анимация, семейный, приключения, комедия, фэнтези;2019;147;8.3
Логан;Джеймс Мэнголд;США;боевик, фантастика;2017;148;8.3
Камуфляж и шпионаж;Трой Квон;США;анимация, фантастика, семейный;2019;149;8.3
Сонная лощина;Тим Бертон;США;триллер, ужасы, фантастика;1999;150;8.3
Легенда №17;Николай Лебедев;Россия;биография, спорт;2012;151;8.3
Босс-молокосос 2;Том МакГрат;США;анимация;2021;152;8.3
Гарри Поттер и Тайная Комната;Крис Коламбус;США / Великобритания / Германия;мистика, приключения, сказка, семейный;2002;153;8.3
Динозавр;Эрик Лейтон;США;семейный, приключения, анимация;2000;154;8.3
Шерлок Холмс: Игра теней;Гай Ричи;США;приключения, криминал;2011;155;8.3
Черный лебедь;Даррен Аронофски;США;драма, триллер;2010;156;8.3
Университет монстров;Дэн Скэнлон;США;комедия, семейный, фэнтези, приключения, анимация;2013;157;8.3
Чужой;Ридли Скотт;США / Великобритания;ужасы, фантастика, триллер;1979;158;8.3
Константин: повелитель тьмы;Френсис Лоуренс;США / Германия;триллер, боевик, сказка, драма;2005;159;8.3
Господин Никто;Жако Ван Дормель;Бельгия / Канада / Франция;фантастика, фэнтези, драма, мелодрама;2009;160;8.3
РЭД;Роберт Швентке;США;комедия, боевик;2010;161;8.3
Темный рыцарь;Кристофер Нолан;США;драма, мистика, триллер, боевик;2008;162;8.3
Гарри Поттер и философский камень;Крис Коламбус;Великобритания / США;приключения, семейный, сказка;2001;163;8.3
Шрэк 2;Эндрю Адамсон;США;сказка, комедия, анимация, приключения, семейный;2004;164;8.3
Притворись моей женой;Деннис Дуган;США;мелодрама, комедия;2011;165;8.3
Рио;Карлос Салдана;США;комедия, семейный, анимация, приключения;2011;166;8.3
Телохранитель киллера;Патрик Хьюз;США;боевик, комедия;2017;167;8.3
Ледниковый период 3: Эра динозавров;Карлос Салдана;США;приключения, анимация, семейный, комедия;2009;168;8.3
Форсаж 5;Джастин Лин;США;боевик, приключения;2011;169;8.3
Майкл Джексон: Вот и все;Кенни Ортега;США;документальный, мюзикл;2009;170;8.3
Заложница;Пьер Морель;Франция;триллер, боевик;2008;171;8.3
Огонь;Алексей Нужный;Россия;драма;2020;172;8.3
Жестокие игры;Роджер Камбл;США;мелодрама, драма, триллер;1999;173;8.3
Время;Эндрю Никкол;США;фантастика;2011;174;8.3
Престиж;Кристофер Нолан;США / Великобритания;сказка, триллер, фантастика, драма;2006;175;8.3
Трансформеры;Майкл Бэй;США;боевик, приключения, фантастика;2007;176;8.3
Аладдин;Джон Маскер;США;сказка, мюзикл, семейный, анимация, комедия, приключения;1992;177;8.3
Тор: Рагнарёк;Тайка Вайтити;США;фэнтези, драма, боевик;2017;178;8.3
От заката до рассвета;Роберт Родригес;США;боевик, триллер, ужасы;1995;179;8.3
Апокалипсис;Мэл Гибсон;США;боевик, приключения, драма;2006;180;8.3
До встречи с тобой;Теа Шэррок;США;мелодрама;2016;181;8.3
Брюс Всемогущий;Том Шэдьяк;США;сказка, комедия;2003;182;8.3
Властелин Колец: Возвращение Короля;Питер Джексон;США / Новая Зеландия / Германия;фэнтези;2003;183;8.3
"Всегда говори ""Да""";Пейтон Рид;США;комедия;2008;184;8.3
Индиана Джонс и последний крестовый Поход;Стивен Спилберг;США;фантастика, боевик, приключения, триллер;1989;185;8.3
Терминатор;Джеймс Кэмерон;Великобритания / США;триллер, фантастика, боевик;1984;186;8.3
Отступники;Мартин Скорсезе;США;криминал, драма, триллер;2006;187;8.3
Маска;Чак Расселл;США;фэнтези, криминал, комедия;1994;188;8.3
Майор Гром: Чумной Доктор;Олег Трофим;Россия;фантастика, драма, боевик;2021;189;8.3
Проза бродячих псов. Фильм;Такуя Игараси;Япония;анимация, аниме ;2018;190;8.3
Корпорация Монстров;Пит Доктер;США;семейный, сказка, комедия, анимация;2001;191;8.3
Аладдин;Гай Ричи;США;приключения, мюзикл;2019;192;8.3
Первому игроку приготовиться;Стивен Спилберг;США;фантастика, боевик, триллер;2018;193;8.3
Исчезнувшая;Дэвид Финчер;США;триллер, драма;2014;194;8.3
Гарри Поттер и узник Азкабана;Альфонсо Куарон;США / Великобритания;приключения, семейный, фэнтези;2004;195;8.3
Люди в черном;Барри Зонненфельд;США;боевик;1997;196;8.3
Три метра над уровнем неба;Фернандо Гонзалез Молина;Испания;драма;2010;197;8.3
Тайна третьей планеты;Роман Качанов;СССР;анимация, приключения, семейный, фантастика;1981;198;8.3
Скала;Майкл Бэй;США;боевик, приключения;1996;199;8.3
Французский вестник. Приложение к газете «Либерти. Канзас ивнинг сан»;Уэс Андерсон;США;мелодрама, комедия;2021;200;8.3
Гонка;Рон Ховард;США;биография, драма, боевик, спорт;2012;201;8.2
Ральф;Рич Мур;США;анимация;2012;202;8.2
Иллюзия обмана;Луи Летерье;США;криминал, триллер;2013;203;8.2
Мальчишник 2: Из Вегаса в Бангкок;Тодд Филлипс;США;комедия;2011;204;8.2
Доспехи Бога;Джеки Чан;Гонконг / Югославия;приключения, боевик, комедия;1987;205;8.2
Хоббит: Битва Пяти Воинств;Питер Джексон;США;фэнтези, приключения;2014;206;8.2
Соник в кино;Джефф Фаулер;США;фэнтези;2019;207;8.2
28 панфиловцев;Ким Дружинин;Россия;военный, драма;2016;208;8.2
Варкрафт;Дункан Джонс;США;приключения, боевик, фэнтези;2016;209;8.2
Дитя погоды;Макото Синкай;Япония;аниме , мелодрама, анимация, фэнтези;2019;210;8.2
300 спартанцев;Зак Снайдер;США;приключения, драма, боевик;2007;211;8.2
Голая правда;Роберт Лукетич;США;мелодрама, комедия;2009;212;8.2
Алеша Попович и Тугарин Змей;Константин Бронзит;Россия;семейный, сказка, анимация;2004;213;8.2
Убойные каникулы;Илай Крэйг;Канада;комедия;2009;214;8.2
Сумерки. Сага. Рассвет: Часть 1;Билл Кондон;США;фэнтези, мелодрама;2011;215;8.2
Одиннадцать друзей Оушена;Стивен Содерберг;США / Австралия;криминал, триллер;2001;216;8.2
Предложение;Энн Флетчер;США;мелодрама, комедия;2009;217;8.2
Ледниковый период 4: Континентальный дрейф;Стив Мартино;США;комедия, анимация, семейный, приключения;2012;218;8.2
Лучшее во мне;Майкл Хоффман;США;мелодрама, драма;2014;219;8.2
Волк и теленок;Михаил Каменецкий;СССР;семейный, анимация, сказка;1984;220;8.2
Семья по-быстрому;Шон Андерс;США;комедия;2018;221;8.2
Мадагаскар 2;Эрик Дарнелл;США;сказка, семейный, анимация, комедия, приключения;2008;222;8.2
Т-34;Алексей Сидоров;Россия;военный, боевик, приключения;2018;223;8.2
Эффект бабочки;Эрик Бресс;США;драма, триллер, фантастика;2004;224;8.2
Король говорит!;Том Хупер;Великобритания / Австралия;драма, исторический;2010;225;8.2
Лёд 2;Жора Крыжовников;Россия;мелодрама, драма;2020;226;8.2
Звезда родилась;Брэдли Купер;США;драма, мелодрама, мюзикл;2018;227;8.2
Лучшее предложение;Джузеппе Торнаторе;Италия;мелодрама, драма;2013;228;8.2
Механик;Саймон Уэст;США;драма, боевик;2011;229;8.2
Вольт;Крис Уильямс;США;анимация, комедия, семейный;2008;230;8.2
Неадекватные люди;Роман Каримов;Россия;комедия;2010;231;8.2
Суперсемейка 2;Брэд Берд;США;анимация, детский;2018;232;8.2
Помни меня;Аллен Култер;США;драма, мелодрама;2010;233;8.2
Собачья жизнь;Лассе Халльстрем;США;драма, комедия;2017;234;8.2
Люди Икс: Начало. Росомаха;Гэвин Худ;США / Новая Зеландия / Австралия;фантастика, боевик;2009;235;8.2
Значит, война;МакДжи;США;комедия, боевик, мелодрама;2011;236;8.2
Джон Картер;Эндрю Стэнтон;США;приключения, фантастика, боевик, фэнтези;2012;237;8.2
Впритык;Тодд Филлипс;США;комедия;2010;238;8.2
Люди Икс: Первый класс;Мэттью Вон;США;боевик, фантастика, драма;2011;239;8.2
Миллионер из трущоб;Дэнни Бойл;Великобритания;мелодрама, драма, комедия;2008;240;8.2
Кунг-Фу Панда 2;Дженнифер Ю;США;комедия, анимация;2011;241;8.2
Легенды ночных стражей;Зак Снайдер;США / Австралия;фэнтези, анимация, приключения;2010;242;8.2
Доктор Стрэндж;Скотт Дерриксон;США;фэнтези, приключения;2016;243;8.2
Стражи Галактики. Часть 2;Джеймс Ганн;США;боевик, фантастика;2017;244;8.2
Ральф против интернета;Фил Джонстон;США;анимация, комедия, фантастика, приключения, семейный;2018;245;8.2
После;Дженни Гейдж;США;драма, мелодрама;2019;246;8.2
Ледниковый период 2: Глобальное потепление;Карлос Салдана;США;комедия, семейный, анимация;2006;247;8.2
Поворот не туда;Роб Шмидт;США;триллер, ужасы;2003;248;8.2
Щенячий патруль в кино;Кэллан Брукнер;США / Канада;анимация, приключения;2021;249;8.2
Мстители;Джосс Уидон;США;боевик;2012;250;8.2
Плохие парни навсегда;Адиль Эль Арби;США;боевик, криминал, комедия;2020;251;8.2
Хоббит: Пустошь Смауга;Питер Джексон;США / Новая Зеландия;драма, фэнтези, приключения;2013;252;8.2
Я, робот;Алекс Пройас;США;фантастика, приключения, триллер;2004;253;8.2
Заклятие 3: По воле дьявола;Майкл Чавес;США;ужасы;2021;254;8.2
Мадагаскар 3;Эрик Дарнелл;США;анимация, семейный;2012;255;8.2
Аквамен;Джеймс Ван;США;фантастика, приключения, боевик;2018;256;8.2
О чем говорят мужчины;Дмитрий Дьяченко;Россия;комедия;2010;257;8.2
Человек-паук: Через вселенные;Боб Персичетти;США;анимация, приключения, фантастика;2018;258;8.2
Рыцарь дня;Джеймс Мэнголд;США;боевик, комедия;2010;259;8.2
Доктор Сон;Майк Флэнеган;США;мистика, ужасы;2019;260;8.2
Молот;Нурбек Эген;Россия;драма, спорт;2016;261;8.2
Реквием по мечте;Даррен Аронофски;США;драма, криминал;2000;262;8.2
Последняя дуэль;Ридли Скотт;США;драма;2021;263;8.1
Гадкий я;Пьер Коффин;США;семейный, анимация;2010;264;8.1
Моана;Джон Маскер;США;анимация;2016;265;8.1
Принцесса Мононоке;Хаяо Миядзаки;Япония;аниме , сказка, приключения, анимация, триллер, драма;1997;266;8.1
Салют-7;Клим Шипенко;Россия;драма, исторический;2017;267;8.1
Добро пожаловать в Зомбилэнд;Рубен Флейшер;США;комедия, ужасы;2009;268;8.1
Клаустрофобы;Адам Робител;США;ужасы;2019;269;8.1
Балерина;Эрик Саммер;Франция / Канада;анимация, семейный;2017;270;8.1
Адреналин;Марк Невелдайн;Великобритания / США;драма, боевик, триллер;2006;271;8.1
Дело Ричарда Джуэлла;Клинт Иствуд;США;драма;2019;272;8.1
Отель Мумбаи: Противостояние;Энтони Марас;Австрия;триллер, драма, криминал;2018;273;8.1
Список Шиндлера;Стивен Спилберг;США;исторический, военный, драма, биография;1993;274;8.1
Час пик 2;Бретт Рэтнер;США;триллер, комедия, приключения, боевик;2001;275;8.1
Семейка Крудс;Керк Де Микко;США;анимация, комедия, приключения, семейный;2013;276;8.1
Мулан;Тони Бэнкрофт;США;семейный, анимация;1998;277;8.1
Шрэк навсегда;Майк Митчелл;США;сказка, приключения, семейный, анимация, комедия;2010;278;8.1
Малена;Джузеппе Торнаторе;Италия / США;военный, драма, мелодрама;2000;279;8.1
Три дня на побег;Пол Хаггис;США;триллер, мелодрама, драма;2010;280;8.1
Трансформеры: Месть падших;Майкл Бэй;США;фантастика, приключения, боевик;2009;281;8.1
Доспехи Бога 3: миссия Зодиак;Джеки Чан;Гонконг / Китай;боевик, приключения;2012;282;8.1
Железный человек 3;Шейн Блэк;США;фантастика, боевик, приключения;2013;283;8.1
Джокер;Тодд Филлипс;США;криминал, драма;2019;284;8.1
Фердинанд;Карлос Салдана;США;анимация;2017;285;8.1
Дурак;Юрий Быков;Россия;драма;2014;286;8.1
Непрощенный;Сарик Андреасян;Россия;драма;2018;287;8.1
Исходный код;Дункан Джонс;США / Франция;драма, фантастика;2011;288;8.1
Крепкий орешек 4.0;Лен Уайзман;США;приключения, триллер, боевик;2007;289;8.1
Гномео и Джульетта;Келли Эсбери;США / Великобритания;фэнтези, анимация, мелодрама, семейный;2011;290;8.1
Джуманджи: Новый уровень;Джейк Кэздан;США;приключения, комедия;2019;291;8.1
Команда А;Джо Карнахан;США;боевик, триллер, военный;2010;292;8.1
Час пик;Бретт Рэтнер;США;триллер, боевик, комедия;1998;293;8.1
Д'Артаньян и три мушкетёра;Георгий Юнгвальд-Хилькевич;СССР;мюзикл, приключения;1979;294;8.1
Ангел А;Люк Бессон;Франция;мелодрама, комедия;2005;295;8.1
Эквилибриум;Курт Уиммер;США;фантастика, триллер;2002;296;8.1
Девушка с татуировкой дракона;Дэвид Финчер;США;криминал, триллер;2011;297;8.1
Заклятие;Джеймс Ван;США;триллер, ужасы;2013;298;8.1
Джуманджи: Зов джунглей;Джейк Кэздан;США;приключения, семейный, фэнтези;2017;299;8.1
Гарри Поттер и Орден Феникса;Дэвид Йейтс;Великобритания / США;сказка, семейный, драма, приключения;2007;300;8.1
Крестный отец;Фрэнсис Форд Коппола;США;драма, триллер;1972;301;8.1
Девчата;Юрий Чулюкин;СССР;мелодрама, комедия;1961;302;8.1
Укрась прощальное утро цветами обещания;Мари Окада;Япония;анимация, драма, приключения, аниме ;2018;303;8.1
BTS: Love Yourself Tour in Seoul;Не указано;Корея;документальный, мюзикл;2018;304;8.1
Спасти рядового Райана;Стивен Спилберг;США;боевик, военный, драма;1998;305;8.1
Небесный замок Лапута;Хаяо Миядзаки;Япония;сказка, анимация, семейный, приключения, аниме ;1986;306;8.1
Мотылек;Михаэль Ноер;Сербия / Черногория / Мальта / США;драма, криминал, биография;2017;307;8.1
Неудержимые;Сильвестр Сталлоне;США;боевик;2010;308;8.1
Годзилла;Роланд Эммерих;США / Япония;боевик, фантастика;1998;309;8.1
Бурлеск;Стив Энтин;США;мелодрама, мюзикл, драма;2010;310;8.1
Три метра над уровнем неба. Я тебя хочу;Фернандо Гонзалез Молина;Испания;мелодрама, драма;2012;311;8.1
Апгрейд;Ли Уоннелл;Австралия;фантастика, боевик, триллер;2018;312;8.1
Путь домой;Чарльз Мартин Смит;США;приключения, семейный;2019;314;8.1
Лицо со шрамом;Брайан Де Пальма;США;драма, криминал;1983;315;8.1
Дом странных детей мисс Перегрин;Тим Бертон;США;фэнтези, приключения;2016;316;8.1
Быстрый и мертвый;Сэм Рэйми;США / Япония;вестерн;1995;317;8.1
Секретарша;Стивен Шейнберг;США;комедия, мелодрама;2002;318;8.1
Звездная пыль;Мэттью Вон;Великобритания / США;приключения, мелодрама, сказка;2007;319;8.1
Пальма;Александр Домогаров младший;Россия;драма;2020;320;8.1
Адмиралъ;Андрей Кравчук;Россия;драма, биография, исторический;2008;321;8.1
Гадкий я 3;Пьер Коффин;США;приключения, комедия, анимация;2017;322;8.1
Кот в сапогах;Крис Миллер;США;фэнтези, комедия, анимация, приключения;2011;323;8.1
Индиана Джонс: В поисках утраченного ковчега;Стивен Спилберг;США;приключения, триллер, боевик;1981;324;8.1
Семь жизней;Габриэле Муччино;США;драма;2008;325;8.1
Экипаж;Роберт Земекис;США;драма;2012;326;8.1
Клаустрофобы 2: Лига выживших;Адам Робител;США;ужасы, триллер;2021;327;8.1
Воды слонам!;Френсис Лоуренс;США;драма;2011;328;8.1
Ржев;Игорь Копылов;Россия;военный, драма;2019;329;8.1
Харлей Дэвидсон и ковбой Мальборо;Саймон Уинсер;США;триллер, боевик, драма, вестерн;1991;330;8.1
Величайший шоумен;Майкл Грэйси;США;мюзикл, биография, драма;2018;331;8.1
Время первых;Дмитрий Киселев;Россия;драма, исторический;2017;332;8.1
Робот по имени Чаппи;Нил Бломкамп;США / Мексика;боевик, триллер;2015;333;8.1
Бамблби;Трэвис Найт;США;фантастика, боевик;2018;334;8.1
Погребенный заживо;Родриго Кортес;Испания;криминал, триллер;2010;335;8.1
Крестный отец 2;Фрэнсис Форд Коппола;США;триллер, драма;1974;336;8.1
Астрал;Джеймс Ван;США;ужасы, триллер;2011;337;8.1
Район №9;Нилл Бломкамп;США;фантастика;2009;338;8.1
Вечное сияние чистого разума;Мишель Гондри;США;драма, комедия, мелодрама;2004;339;8.1
2012;Роланд Эммерих;США / Канада;драма, фантастика, боевик, триллер, приключения;2009;340;8.1
Счастье в конверте;Светлана Суханова;Россия;семейный;2020;341;8.1
Небоскреб;Роусон Маршалл Тербер;США;боевик;2018;342;8.1
Валериан и город тысячи планет;Люк Бессон;Франция;фантастика, боевик, приключения;2017;343;8.1
Последний богатырь;Дмитрий Дьяченко;Россия;семейный, комедия;2017;344;8.1
Игры разумов;Фарад Сафиниа;Ирландия;драма, детектив, биография;2018;345;8.1
Посвященный;Филлип Нойс;США;фантастика, драма, фэнтези;2014;346;8.1
Железный человек 2;Джон Фавро;США;фантастика, боевик;2010;347;8.1
Охотники за привидениями;Айвэн Райтман;США;комедия, фантастика, боевик;1984;348;8.1
Дэдпул 2;Дэвид Литч;США;боевик, приключения, комедия, фантастика;2018;349;8.1
Звездные Войны: Эпизод III - Месть ситхов;Джордж Лукас;США;фантастика, приключения, боевик;2005;350;8.1
Стражи Галактики;Джеймс Ганн;США;фантастика, боевик, приключения;2014;351;8.1
Мегамозг;Том МакГрат;США;комедия, семейный, анимация;2010;352;8.1
Монстры на каникулах 3: Море зовет;Генндий Тартаковский;США;анимация, семейный, комедия;2018;353;8.1
Рэмпейдж;Брэд Пейтон;США;боевик, фантастика, приключения;2018;354;8.1
Социальная сеть;Дэвид Финчер;США;исторический, драма;2010;355;8.1
Последний самурай;Эдвард Цвик;США;приключения, боевик, военный, драма;2003;356;8.1
Правдивая ложь;Джеймс Кэмерон;США;боевик, комедия, триллер, приключения, мелодрама;1994;357;8.1
Девятаев;Тимур Бекмамбетов;Россия;военный, биография;2021;358;8.1
Подольские курсанты;Вадим Шмелев;Россия;военный, исторический, драма;2020;359;8.0
Лёд;Александр Андрющенко;Россия;мелодрама;2017;360;8.0
Обливион;Джозеф Косински;США;боевик, фантастика;2013;361;8.0
Тайная жизнь домашних животных 2;Крис Рено;США;анимация, комедия;2019;362;8.0
100 вещей и ничего лишнего;Флориан Давид Фиц;Германия;комедия;2018;363;8.0
Зеркала;Александр Ажа;США;ужасы;2008;364;8.0
Шоколад;Лассе Халльстрем;Великобритания / США;драма, комедия, мелодрама;2000;365;8.0
Поезд в Пусан;Ён Сан-хо;Корея;ужасы, боевик, триллер;2016;366;8.0
Человек дождя;Барри Левинсон;США;драма;1988;367;8.0
Землетрясение;Сарик Андреасян;Россия;драма;2016;368;8.0
Армагеддон;Майкл Бэй;США;триллер, драма, фантастика, мелодрама, боевик;1998;369;8.0
Никто;Илья Найшуллер;США;боевик, триллер, криминал;2021;370;8.0
Терминал;Стивен Спилберг;США;мелодрама, драма;2004;371;8.0
Дюна;Дени Вильнев;США;фантастика, боевик, приключения;2021;372;8.0
Меч короля Артура;Гай Ричи;США;фэнтези, боевик, драма, приключения;2017;373;8.0
Чтец;Стивен Долдри;США / Германия;мелодрама, исторический, военный, драма, триллер;2008;374;8.0
Ученик чародея;Джон Тертелтауб;США;сказка, семейный, приключения, драма, боевик;2010;375;8.0
Невидимый гость;Ориол Паоло;Испания;криминал, триллер, детектив;2017;376;8.0
Алиса в Зазеркалье;Джеймс Бобин;США;семейный, приключения, фэнтези;2016;377;8.0
Пророк;Ли Тамахори;США;фантастика, триллер, боевик;2007;378;8.0
Девятые врата;Роман Полански;Испания / Франция / США;мистика, ужасы, триллер;1999;379;8.0
Смертельная гонка;Пол У. С. Андерсон;США;фантастика, триллер, приключения, боевик;2008;380;8.0
Город героев;Дон Холл;США;комедия, боевик, анимация, семейный;2014;381;8.0
Мы - Миллеры;Роусон Маршалл Тербер;США;комедия;2013;382;8.0
На крючке;Ди Джей Карузо;США;драма, триллер;2008;383;8.0
Интерстеллар;Кристофер Нолан;США / Великобритания;фантастика;2014;384;8.0
Люди в черном 3;Барри Зонненфельд;США;фантастика, приключения, боевик;2012;385;8.0
Каратэ-пацан;Харольд Цварт;США;драма, семейный, спорт, боевик;2010;386;8.0
Трансформеры 3: Темная сторона Луны;Майкл Бэй;США;приключения, боевик, фантастика;2011;387;8.0
Три билборда на границе Эббинга, Миссури;Мартин МакДона;США / Великобритания;драма, триллер, криминал;2017;388;8.0
Чудо на Гудзоне;Клинт Иствуд;США;драма, биография;2016;389;8.0
Храбрая сердцем;Марк Эндрюс;США;семейный, анимация;2012;390;8.0
Спирит: Душа прерий;Келли Эсбери;США;вестерн, анимация, приключения, семейный;2002;391;8.0
После. Глава 2;Роджер Камбл;США;мелодрама;2020;392;8.0
Чужие;Джеймс Кэмерон;США / Великобритания;триллер, ужасы, боевик, фантастика;1986;393;8.0
Шерлок: Безобразная невеста;Дуглас Маккиннон;Великобритания;детектив;2016;394;8.0
С любовью, Рози;Кристиан Диттер;Великобритания / США;комедия, мелодрама;2014;395;8.0
Знакомьтесь, Джо Блэк;Мартин Брест;США;мелодрама, мистика, фэнтези, драма;1998;396;8.0
Неисправимый Рон;Сара Смит;США;анимация;2021;397;8.0
Дом восковых фигур;Хауме Кольет-Серра;Австралия / США;ужасы, триллер;2005;398;8.0
Белый плен;Фрэнк Маршалл;США;приключения, семейный, драма, мелодрама;2005;399;8.0
Патриот;Роланд Эммерих;Германия / США;драма, военный, боевик;2000;400;8.0
Призрак;Роман Полански;США;криминал, драма, триллер;2010;401;8.0
Обитель проклятых;Брэд Андерсон;США;триллер;2014;402;8.0
Восстание планеты обезьян;Руперт Уайатт;США;фантастика, боевик, приключения;2011;404;8.0
Обещание;Терри Джордж;США;драма, исторический, триллер;2016;405;8.0
Мир Юрского периода 2;Хуан Антонио Байона;США;фантастика, боевик, приключения;2018;406;8.0
За бортом;Боб Фишер;США;мелодрама, комедия;2018;407;8.0
Сумерки. Сага. Рассвет: Часть 2;Билл Кондон;США;мелодрама, фэнтези;2012;408;8.0
Ежик в тумане;Юрий Норштейн;СССР;детский;1975;409;8.0
Первый Мститель: Противостояние;Энтони Руссо;США;боевик, фантастика;2016;410;8.0
Рождество на двоих;Пол Фиг;США;мелодрама, комедия;2019;411;8.0
Мальчишник в Вегасе;Тодд Филлипс;США;комедия;2009;412;8.0
Мост в Терабитию;Габор Чупо;США;фэнтези, семейный, приключения;2007;413;8.0
Ранго;Гор Вербински;США;семейный, приключения, анимация;2011;414;8.0
Скорость;Ян Де Бонт;США;триллер, криминал, боевик;1994;415;8.0
Путешествие 2: Таинственный остров;Брэд Пейтон;США;фантастика, приключения;2011;416;8.0
Хроники Нарнии: Покоритель зари;Майкл Аптед;Великобритания;приключения;2010;417;8.0
Ван Хельсинг;Стивен Соммерс;США / Чехия;приключения, ужасы, боевик, сказка;2004;418;8.0
Гринч;Ярроу Чейни;США;анимация;2018;419;8.0
Дьявол;Джон Эрик Даудл;США;ужасы, триллер;2010;420;8.0
История игрушек: Большой побег;Джон Лассетер;США;драма, приключения, комедия, анимация, семейный;2010;421;8.0
Джон Уик 2;Чад Стахелски;США;боевик;2016;422;8.0
Бэтмен: начало;Кристофер Нолан;США;криминал, триллер, приключения, сказка, боевик;2005;423;8.0
Царство небесное;Ридли Скотт;Испания / США;мелодрама, военный, драма;2005;424;8.0
Пункт назначения;Джеймс Вонг;США;фантастика, ужасы, триллер;2000;425;8.0
Василиса;Антон Сиверс;Россия;мелодрама, исторический;2014;426;8.0
Подарок на Рождество;Брайан Левант;США;комедия, боевик, семейный, приключения;1996;427;8.0
Доберман;Ян Кунен;Франция;боевик;1997;428;8.0
Астерикс и тайное зелье;Луис Клиши;Франция;анимация;2018;429;8.0
Васаби;Жерар Кравчик;Франция / Япония;приключения, криминал, биография, комедия;2001;430;8.0
Турецкий гамбит;Джаник Файзиев;Россия;криминал, исторический, приключения, военный;2005;431;8.0
Фантастические твари и где они обитают;Дэвид Йейтс;Великобритания / США;семейный, фэнтези, приключения;2016;432;8.0
Сайлент Хилл;Кристоф Ган;Канада / Франция;ужасы, триллер;2006;433;8.0
В погоне за счастьем;Габриэле Муччино;США;комедия, драма;2006;434;8.0
Каникулы строгого режима;Игорь Зайцев;Россия;комедия, криминал;2009;435;8.0
Рождественская история;Роберт Земекис;США;драма, фэнтези, анимация, семейный;2009;436;7.9
Отличница легкого поведения;Уилл Глак;США;комедия, мелодрама;2010;437;7.9
Звездные собаки: Белка и Стрелка;Святослав Ушаков;Россия;детский, анимация, семейный;2010;438;7.9
Игра Эндера;Гэвин Худ;США;фантастика, приключения;2013;439;7.9
Чужой 3;Дэвид Финчер;США;триллер, драма, боевик, фантастика, ужасы;1992;440;7.9
Схватка;Майкл Манн;США;драма, криминал;1995;441;7.9
Пипец;Мэттью Вон;США;боевик, драма, комедия;2009;442;7.9
Стажер;Нэнси Мейерс;США;комедия;2015;443;7.9
Хранители снов;Питер Рэмзи;США;семейный, анимация, приключения;2012;444;7.9
Форсаж: Хоббс и Шоу;Дэвид Литч;США;боевик, криминал;2019;445;7.9
Отряд самоубийц;Дэвид Эйр;США;боевик, фантастика;2016;446;7.9
Робин Гуд;Ридли Скотт;США;боевик, драма;2010;447;7.9
Одаренная;Марк Уэбб;США;драма;2017;448;7.9
Марсианин;Ридли Скотт;США;фантастика, приключения;2015;449;7.9
Форсаж 4;Джастин Лин;США;боевик;2009;450;7.9
Кома;Никита Аргунов;Россия;фантастика, боевик, приключения;2019;451;7.9
Меняющие реальность;Джордж Нолфи;США;фантастика, мелодрама;2010;452;7.9
Расплата;Гэвин О'Коннор;США;драма;2016;453;7.9
Монстры на каникулах;Генндий Тартаковский;США;комедия, анимация, семейный;2012;454;7.9
Мег: Монстр глубины;Джон Тертелтауб;США;ужасы, фантастика, боевик;2018;455;7.9
Как приручить дракона 2;Дин Деблуа;США;комедия, фэнтези, анимация, боевик, приключения;2014;456;7.9
Арахисовый сокол;Тайлер Нилсон;США;приключения;2019;457;7.9
Кролик Питер;Уилл Глак;США;анимация, семейный, детский;2018;458;7.9
Опасная игра Слоун;Джон Мэдден;США;драма;2016;459;7.9
Терминатор: да придет спаситель;МакДжи;США / Германия / Великобритания;триллер, фантастика, боевик, драма, приключения;2009;460;7.9
Паранормальное явление 3;Генри Джуст;США;ужасы;2011;461;7.9
Элвин и бурундуки 2;Бетти Томас;США;фантастика, комедия, семейный, мюзикл;2009;462;7.9
Кровавый алмаз;Эдвард Цвик;США;триллер, драма, приключения;2006;463;7.9
Воспоминания;Лиза Джой;США;фантастика, триллер, мелодрама;2021;464;7.9
План побега;Микаэль Хофстрем;США;триллер, боевик, фантастика;2013;465;7.9
Мама;Элизабет Бостан;СССР / Франция / Румыния;семейный, сказка, мюзикл;1976;466;7.9
Форсаж 6;Джастин Лин;США;боевик, драма, триллер, криминал;2013;467;7.9
Крид 2;Стивен Кейпл мл.;США;спорт, драма, боевик;2018;468;7.9
Тихое место 2;Джон Красински;США;ужасы;2021;469;7.9
Человек-муравей и Оса;Пейтон Рид;США;фантастика, боевик, приключения;2018;470;7.9
Поезд на Юму;Джеймс Мэнголд;США;вестерн;2007;471;7.9
Чёрная Вдова;Кейт Шортланд;США;фантастика, боевик, приключения;2021;472;7.9
Сладкий ноябрь;Пэт О’Коннор;США;комедия, драма, мелодрама;2001;473;7.9
Пять невест;Карен Оганесян;Россия;комедия;2011;474;7.9
Пила 6;Кевин Гротерт;США / Канада / Великобритания / Австралия;триллер, мистика, криминал, ужасы;2009;475;7.9
Безумный Макс: Дорога ярости;Джордж Миллер;Австралия;приключения, боевик;2015;476;7.9
Неизвестный;Хауме Кольет-Серра;США;драма, криминал, триллер;2011;477;7.9
Смешарики. Начало;Денис Чернов;Россия;анимация, детский;2011;478;7.9
Джон Уик;Дэвид Литч;США;боевик, триллер;2014;480;7.9
Вспомнить все;Пол Верховен;США;приключения, ужасы, боевик, триллер, фантастика;1990;481;7.9
Эверест;Бальтасар Кормакур;США / Великобритания;драма, приключения, триллер;2015;482;7.9
Полицейский с Рублевки. Новогодний беспредел;Илья Куликов;Россия;комедия, драма, криминал;2018;483;7.9
28 недель спустя;Хуан Карлос Фреснадильо;Великобритания;фантастика, триллер, ужасы;2007;484;7.9
Пандорум;Кристиан Альварт;США / Германия;ужасы, фантастика;2009;485;7.9
Элвин и бурундуки 3;Майк Митчелл;США;семейный, мюзикл, комедия;2011;486;7.9
Отпуск по обмену;Нэнси Мейерс;США;мелодрама, комедия;2006;487;7.9
Выживший;Алехандро Гонсалес Иньярриту;США;приключения, драма;2015;488;7.9
Оно приходит ночью;Трей Эдвард Шульц;США;ужасы, триллер, драма;2017;489;7.9
Форсаж 8;Ф. Гэри Грей;США;боевик, триллер, криминал;2017;490;7.9
Прошлой ночью в Сохо;Эдгар Райт;Великобритания;драма, триллер, ужасы;2021;491;7.9
Илья Муромец и Соловей Разбойник;Владимир Торопчин;Россия;приключения, комедия, семейный, анимация;2007;492;7.9
Аритмия;Борис Хлебников;Россия;драма, мелодрама;2017;493;7.9
Казино Рояль;Мартин Кэмпбелл;США / Германия / Великобритания / Чехия;приключения, боевик, триллер;2006;494;7.9
Семейка Аддамс: Горящий тур;Грег Тирнан;США / Великобритания / Канада;анимация, ужасы, комедия, семейный;2021;495;7.9
Темный рыцарь: Возрождение легенды;Кристофер Нолан;США / Великобритания;драма, триллер, боевик;2012;496;7.9
Три богатыря и наследница престола;Константин Бронзит;Россия;анимация, приключения, семейный;2018;497;7.9
Плохие парни 2;Майкл Бэй;США;боевик, комедия, триллер;2003;498;7.9
Ледяной драйв;Джонатан Хенсли;США;боевик;2021;499;7.9
2+1;Хьюго Желен;Франция / Великобритания;комедия, семейный, драма, мелодрама;2016;500;7.9
История Рыцаря;Брайан Хелгеленд;США;приключения, комедия, мелодрама, боевик;2001;501;7.9
Банды Нью-Йорка;Мартин Скорсезе;США / Германия / Италия / Великобритания / Нидерланды;драма, исторический;2002;502;7.9
Время ведьм;Доминик Сена;США;приключения, фэнтези, драма, триллер;2010;503;7.9
Двойная жизнь Чарли Сан-Клауда;Бёрр Стирс;США;драма;2010;504;7.9
Я - Четвертый;Ди Джей Карузо;США;фантастика, боевик;2011;505;7.9
Гравитация;Альфонсо Куарон;США / Великобритания;фантастика, триллер;2013;506;7.9
Зорро;Дуччо Тессари;Франция / Италия;комедия, семейный, вестерн, приключения;1975;507;7.9
Lil Peep: Всё для всех;Себастьян Джонс;США;документальный;2019;508;7.9
Во власти стихии;Бальтасар Кормакур;США;драма;2018;509;7.9
Бойфренд из будущего;Ричард Кертис;Великобритания;фантастика, комедия, драма;2013;510;7.9
Усатый нянь;Владимир Грамматиков;СССР;комедия;1977;511;7.9
Облачный атлас;Том Тыквер;США;фантастика;2012;512;7.9
Красавчик;Тиль Швайгер;Германия;мелодрама, комедия;2007;513;7.9
Другой мир;Лен Уайзман;США / Германия / Венгрия / Великобритания;сказка, боевик, ужасы;2003;514;7.9
Воровка книг;Брайан Персивал;США;драма;2014;515;7.9
Парфюмер: история одного убийцы;Том Тыквер;Германия / Франция / Испания / США;триллер, драма;2006;516;7.9
Приключения Паддингтона 2;Пол Кинг;Великобритания / Франция;фэнтези, семейный, приключения;2017;517;7.9
Из Парижа с любовью;Пьер Морель;Франция;боевик;2009;518;7.9
Океаны;Жак Перрен;Франция / Швейцария / Испания / Монако;драма, документальный;2009;519;7.9
Энканто;Байрон Ховард;США / Колумбия;приключения, анимация, комедия;2021;520;7.9
Турист;Флориан Хенкель фон Доннерсмарк;США;драма, триллер;2010;521;7.9
Ёлки;Ярослав Чеважевский;Россия;комедия;2010;522;7.9
Судья;Дэвид Добкин;США;драма;2014;523;7.9
Сибирский цирюльник;Никита Михалков;Россия / Франция / Италия / Чехия;исторический, драма, мелодрама;1998;524;7.9
А зори здесь тихие...;Ренат Давлетьяров;Россия;военный, драма, исторический;2015;525;7.9
Паранормальное явление 2;Тод Уильямс;США;ужасы;2010;526;7.9
Однажды в Вегасе;Том Вон;США;комедия;2008;527;7.8
Ультиматум Борна;Пол Гринграсс;США;приключения, триллер, драма, боевик;2007;528;7.8
Я плюю на ваши могилы;Стивен Р. Монро;США;ужасы;2010;529;7.8
Тор;Кеннет Брана;США;боевик, приключения, драма;2011;530;7.8
Клятва;Майкл Сакси;США;мелодрама, драма;2011;531;7.8
Два дня;Авдотья Смирнова;Россия;мелодрама;2011;532;7.8
Город тайн;Роберт Коннолли;Австралия / США;криминал, драма, мистика;2020;533;7.8
"007: Координаты ""Скайфолл""";Сэм Мендес;США / Великобритания;приключения, боевик, триллер;2012;534;7.8
Том и Джерри;Тим Стори;США;анимация;2021;535;7.8
9 рота;Федор Бондарчук;Россия / Финляндия / Украина;драма, военный;2005;536;7.8
Мстители: Эра Альтрона;Джосс Уидон;США;боевик, приключения, фантастика;2015;537;7.8
Джейн Остин;Джулиан Джаррольд;США / Великобритания / Ирландия;биография, драма, мелодрама;2007;538;7.8
Тачки 3;Брайан Фи;США;детский, анимация, приключения;2017;539;7.8
Американская история Х;Тони Кэй;США;криминал, драма;1998;540;7.8
Любовь в большом городе 2;Марюс Вайсберг;Россия;комедия;2010;541;7.8
М+Ж;Игорь Андрейчук;Россия;комедия, мелодрама;2009;542;7.8
Артист;Мишель Хазанавичус;Франция;мелодрама;2011;543;7.8
Плохие парни;Майкл Бэй;США;триллер, боевик, комедия;1995;544;7.8
Хочу как ты;Дэвид Добкин;США;комедия;2011;545;7.8
Кинг Конг;Питер Джексон;США;драма, фантастика, приключения, боевик;2005;546;7.8
Мгла;Фрэнк Дарабонт;США;ужасы;2007;547;7.8
Эдвард руки-ножницы;Тим Бертон;США;сказка, драма, мелодрама, комедия;1990;548;7.8
Суини Тодд, демон-парикмахер с Флит-стрит;Тим Бертон;США;мюзикл, ужасы, триллер;2007;549;7.8
Ёлки 2;Дмитрий Киселев;Россия;комедия;2011;550;7.8
Перси Джексон и море чудовищ;Тор Фройденталь;США;приключения, семейный, боевик, фэнтези, драма;2013;551;7.8
Дьявол в деталях;Джон Ли Хэнкок;США;триллер;2021;552;7.8
Поп;Владимир Хотиненко;Россия;драма;2010;553;7.8
Последний богатырь: Корень зла;Дмитрий Дьяченко;Россия;фэнтези, приключения;2020;554;7.8
Экипаж;Николай Лебедев;Россия;драма, приключения, триллер;2016;555;7.8
Смертельная битва;Пол У. С. Андерсон;США;боевик, фэнтези, фантастика, триллер, приключения;1995;556;7.8
И грянул шторм;Крэйг Гиллеспи;США;драма, триллер;2016;557;7.8
Эйфель;Мартин Бурбулон;Франция;биография, драма, исторический;2021;558;7.8
Великий уравнитель 2;Антуан Фукуа;США;боевик, криминал, триллер;2018;559;7.8
Батя;Дмитрий Ефимович;Россия;комедия, драма;2021;560;7.8
Балканский рубеж;Андрей Волгин;Россия / Сербия;боевик, драма, военный;2019;561;7.8
Angry Birds 2 в кино;Туроп Ван Орман;США;анимация, детский;2019;562;7.8
Форсаж;Роб Коэн;США / Германия;триллер, боевик, криминал;2001;563;7.8
Выживут только любовники;Джим Джармуш;США;фантастика, триллер, драма;2013;564;7.8
Боец;Дэвид О. Расселл;США;драма;2010;565;7.8
Кролик Питер 2;Уилл Глак;США;семейный, приключения;2021;566;7.8
Форсаж 9;Джастин Лин;США;боевик, криминал;2021;570;7.8
Пингвины мистера Поппера;Марк Уотерс;США;комедия;2011;571;7.8
9;Шэйн Эккер;США;анимация, военный, фантастика, приключения;2009;572;7.8
Бесконечная история;Вольфганг Петерсен;ФРГ / США;сказка, приключения, драма;1984;573;7.8
Жена путешественника во времени;Роберт Швентке;США;мелодрама, драма, фантастика;2009;574;7.8
Малыш на драйве;Эдгар Райт;США / Великобритания;боевик, криминал, триллер;2017;575;7.8
Иллюзионист;Нил Бергер;США / Чехия;драма, мелодрама, приключения;2006;576;7.8
Конг: Остров черепа;Джордан Вот-Робертс;США;приключения, боевик, фэнтези;2017;577;7.8
Простая просьба;Пол Фиг;США;триллер, криминал, детектив;2018;578;7.8
Тор 2: Царство тьмы;Алан Тейлор;США;приключения, боевик;2013;579;7.8
Агенты А.Н.К.Л.;Гай Ричи;США;комедия, приключения, боевик;2015;580;7.8
Взрыв из прошлого;Хью Уилсон;США;мелодрама, комедия, драма;1999;581;7.8
Капитан Марвел;Анна Боден;США;приключения, фэнтези, боевик;2019;582;7.8
Черная Пантера;Райан Куглер;США;драма, боевик, фантастика;2018;583;7.8
Труп невесты;Тим Бертон;США;анимация, сказка;2005;584;7.8
Неуправляемый;Тони Скотт;США;триллер, драма, боевик;2010;585;7.8
Голодные игры: И вспыхнет пламя;Френсис Лоуренс;США;боевик, фантастика, триллер;2013;586;7.8
Kingsman: Секретная служба;Мэттью Вон;Великобритания;триллер;2014;587;7.8
Бой с тенью 2: Реванш;Антон Мегердичев;Россия;спорт, боевик;2007;588;7.8
Неудержимые 2;Саймон Уэст;США;приключения, триллер, боевик;2012;589;7.8
Коммандос;Марк Л. Лестер;США;боевик, приключения;1985;590;7.8
Меня зовут Кхан;Каран Джохар;Индия;драма, мелодрама;2010;591;7.8
Гарри Поттер и Принц-Полукровка;Дэвид Йейтс;Великобритания / США;фэнтези, семейный, приключения;2008;592;7.8
Идеальные незнакомцы;Паоло Дженовезе;Италия;драма, комедия;2016;593;7.8
Шаг вперед;Энн Флетчер;США;мелодрама, мюзикл, драма;2006;594;7.8
Поиск;Аниш Чаганти;США;триллер;2018;595;7.8
На гребне волны;Кэтрин Бигелоу;США;драма, приключения, биография, триллер, криминал;1991;596;7.8
Великий Гэтсби;Баз Лурманн;США;драма, исторический;2013;597;7.8
Призрак оперы;Джоэл Шумахер;США / Великобритания;драма, триллер, мюзикл, сказка, мелодрама;2004;598;7.8
Джек Ричер;Кристофер МакКуорри;США;триллер, детектив;2012;599;7.8
Тайна 7 сестер;Томми Виркола;Великобритания;фантастика, триллер;2017;600;7.8
Отверженные;Том Хупер;Великобритания;мюзикл, драма;2012;601;7.8
Гадкий я 2;Пьер Коффин;США;анимация, семейный;2013;602;7.8
Послезавтра;Роланд Эммерих;США;триллер, боевик, фантастика, драма;2004;603;7.8
Город грехов;Фрэнк Миллер;США;криминал, триллер, драма, боевик;2005;604;7.8
Луна 2112;Дункан Джонс;Великобритания;триллер, фантастика;2009;605;7.8
Обитель зла;Пол У. С. Андерсон;Германия / Франция / Великобритания;ужасы, боевик, триллер, фантастика;2002;606;7.8
Дом у озера;Алехандро Агрести;США;мелодрама, драма;2006;607;7.8
Сестренка;Александр Галибин;Россия;военный, драма;2019;608;7.8
Волшебная страна;Марк Форстер;Великобритания / США;биография, семейный, драма;2004;609;7.8
Классный мюзикл: Выпускной;Кенни Ортега;США;мелодрама, комедия, мюзикл, семейный, драма;2008;610;7.8
Форсаж 7;Джеймс Ван;США;криминал, триллер, боевик;2015;611;7.8
Оно;Андрес Мускетти;США;ужасы, триллер;2017;612;7.8
Фиксики против кработов;Васико Бедошвили;Россия;анимация, детский;2019;613;7.8
Тепло наших тел;Джонатан Левин;США;мелодрама, драма, ужасы;2013;614;7.8
Крупная рыба;Тим Бертон;США;приключения, сказка, комедия, драма;2003;615;7.8
"Пароль ""Рыба-меч""";Доминик Сена;США / Австралия;триллер, криминал, боевик;2001;616;7.8
Коллекционер 2;Маркус Данстэн;США;ужасы;2012;617;7.8
Инферно;Рон Ховард;США / Япония / Турция / Венгрия;триллер, приключения;2016;618;7.8
Тренер;Данила Козловский;Россия;спорт, драма;2018;619;7.8
Двойной форсаж;Джон Синглтон;США / Германия;боевик, триллер, драма, криминал;2003;620;7.8
Монте-Карло;Томас Безука;США;комедия;2011;621;7.8
Старикам тут не место;Итан Коэн;США;драма, триллер, приключения;2007;622;7.8
Ниндзя-убийца;Джеймс МакТиг;США;боевик;2009;623;7.8
Защитник;Боаз Якин;США;криминал;2011;624;7.8
Синистер;Скотт Дерриксон;США;криминал, ужасы;2012;625;7.8
Астерикс: Земля Богов;Александр Астье;Франция;анимация, приключения;2014;626;7.8
Человек-паук: Возвращение домой;Джон Уоттс;США;боевик, фантастика, приключения;2017;627;7.8
Гангстер;Ридли Скотт;США;криминал, драма;2007;628;7.8
Навсикая из долины Ветров;Хаяо Миядзаки;Япония;фантастика, аниме , приключения, драма, анимация;1984;629;7.8
Джейн Эйр;Кэри Фукунага;Великобритания;мелодрама, драма;2011;630;7.8
Порок на экспорт;Дэвид Кроненберг;Великобритания / Канада / США;драма, триллер, мистика;2007;631;7.8
Классный мюзикл;Кенни Ортега;США;мелодрама, комедия, семейный, мюзикл;2006;632;7.8
Шевели ластами;Бен Стассен;Бельгия;анимация, приключения;2009;633;7.8
Кошмар перед Рождеством;Генри Селик;США;семейный, фэнтези, мюзикл, анимация;1993;634;7.8
Чудаки 3D;Джефф Треймейн;США;документальный, комедия;2010;635;7.7
Сумерки. Сага. Затмение;Дэвид Слэйд;США;мелодрама, фэнтези;2010;636;7.7
Зверопой;Гарт Дженнингс;США;мюзикл, анимация;2016;637;7.7
Легенда;Брайан Хелгеленд;Великобритания / Франция;триллер, драма, криминал;2015;638;7.7
Дориан Грей;Оливер Паркер;Великобритания;драма;2009;639;7.7
Шоу Трумана;Питер Уир;США;драма, фантастика;1998;640;7.7
Ветер крепчает;Хаяо Миядзаки;Япония;драма, анимация, аниме ;2013;641;7.7
Судный день;Нил Маршалл;Великобритания;драма, триллер, боевик, ужасы;2008;642;7.7
Кто я;Баран бо Одар;Германия;триллер;2014;643;7.7
Сайлент Хилл 2 3D;М. Дж. Бассетт;США / Франция;ужасы;2012;644;7.7
Космос между нами;Питер Челсом;США;фантастика;2016;645;7.7
Убить Билла 2;Квентин Тарантино;США;боевик, драма, триллер, криминал;2004;646;7.7
Бой с тенью;Алексей Сидоров;Россия;боевик, драма;2005;647;7.7
Книжный клуб;Билл Холдермэн;США;комедия;2018;648;7.7
Тачки 2;Брэд Льюис;США;анимация, комедия, семейный;2011;649;7.7
Однажды в Америке;Серджио Леоне;США / Италия;драма;1983;650;7.7
Последняя песня;Джули Энн Робинсон;США;драма;2010;651;7.7
Пленницы;Дени Вильнев;США;триллер, драма, криминал;2013;652;7.7
Территория;Александр Мельник;Россия;драма, приключения;2014;653;7.7
127 часов;Дэнни Бойл;США / Великобритания;драма;2010;654;7.7
Красная шапочка;Кэтрин Хардвик;США;драма, триллер, фэнтези;2011;655;7.7
Разбогатей или сдохни;Джим Шеридан;США;драма, мюзикл, боевик, криминал;2005;656;7.7
Заколдованный мальчик;Владимир Полковников;СССР;семейный, анимация;1955;657;7.7
Похороните меня за плинтусом;Сергей Снежкин;Россия;драма;2009;658;7.7
Красотка;Гэрри Маршалл;США;комедия;1990;659;7.7
Транс;Дэнни Бойл;Великобритания;триллер, криминал, драма;2013;660;7.7
8 подруг Оушена;Гэри Росс;США;криминал, комедия, боевик;2017;661;7.7
Большое путешествие вглубь океанов 3D: Возвращение;Ник Стрингер;Германия / Великобритания / Австрия;документальный;2009;662;7.7
Легенда острова Двид;Анарио Мамедов;Россия;приключения, семейный;2010;663;7.7
Заложница 2;Оливье Мегатон;Франция;триллер, драма, криминал, боевик;2012;664;7.7
Грех;Андрей Кончаловский;Россия / Италия;драма, биография, исторический;2018;665;7.7
Ангелы и демоны;Рон Ховард;США;криминал, мистика, драма, триллер;2009;666;7.7
Один дома;Крис Коламбус;США;криминал, комедия, семейный;1990;667;7.7
Самый пьяный округ в мире;Джон Хиллкоут;США;драма, криминал;2012;668;7.7
Долгая дорога домой;Анатолий Пасичник;Россия;триллер, драма, мистика;2017;669;7.7
Другой мир: Пробуждение;Манс Морлинд;США;фантастика, ужасы, боевик;2012;670;7.7
Хищник;Джон МакТирнан;США;боевик, ужасы, триллер, фантастика;1987;671;7.7
Звездный путь;Джей Джей Абрамс;США;боевик, фантастика, драма;2009;672;7.7
Другие;Алехандро Аменабар;Испания / Франция / США;ужасы, фантастика, мистика, триллер, драма;2001;673;7.7
Санктум;Алистер Грирсон;США;триллер, драма, приключения;2011;674;7.7
Паркер;Тэйлор Хэкфорд;США;криминал, триллер;2013;675;7.7
Блэйд;Стивен Норрингтон;США;ужасы, триллер, боевик;1998;676;7.7
Анна Каренина;Сергей Соловьев;Россия;драма;2008;677;7.7
LOL (ржунимагу);Лиза Азуэлос;Франция;комедия;2008;678;7.7
Семейка Аддамс;Грег Тирнан;США;анимация, фэнтези;2019;679;7.7
Омерзительная восьмерка;Квентин Тарантино;США;комедия, вестерн, триллер;2015;680;7.7
Падение Лондона;Бабак Наджафи;США / Великобритания;криминал, боевик, триллер;2015;681;7.7
Пара из будущего;Алексей Нужный;Россия;комедия, мелодрама, фантастика;2021;682;7.7
Ледокол;Николай Хомерики;Россия;драма;2016;683;7.7
Волк с Уолл-стрит;Мартин Скорсезе;США;драма, криминал;2013;684;7.7
Человек, который изменил все;Беннет Миллер;США;драма;2011;685;7.7
Обитель зла: Последняя глава;Пол У. С. Андерсон;Германия / Австралия / Канада / Франция;триллер, боевик, ужасы, фантастика;2016;686;7.7
История игрушек 4;Джош Кули;США;комедия, фэнтези, детский, семейный;2019;687;7.7
Тарас Бульба;Владимир Бортко;Россия;боевик, исторический;2008;688;7.7
Облачно, возможны осадки в виде фрикаделек;Кристофер Миллер;США;семейный, анимация;2009;689;7.7
Одинокий рейнджер;Гор Вербински;США;триллер, боевик, вестерн;2013;690;7.7
Годзилла против Конга;Адам Вингард;США;фантастика, боевик, драма;2021;691;7.7
Высоцкий. Спасибо, что живой;Петр Буслов;Россия;биография, драма;2011;692;7.7
Секс по дружбе;Уилл Глак;США;комедия;2011;693;7.7
Люди в черном 2;Барри Зонненфельд;США;комедия, фантастика;2002;694;7.7
Легенды осени;Эдвард Цвик;США;драма, военный, вестерн;1994;695;7.7
Сплит;М. Найт Шьямалан;США;триллер;2016;700;7.7
Коко до Шанель;Анн Фонтен;Франция;биография;2008;701;7.7
Идентификация Борна;Даг Лайман;США / Германия / Чехия;триллер;2002;702;7.7
Фантастические твари: Преступления Грин-де-Вальда;Дэвид Йейтс;США;фэнтези;2018;703;7.7
Ворон;Джеймс МакТиг;США / Испания / Венгрия;триллер;2012;704;7.7
Шазам!;Дэвид Ф. Сандберг;США;фантастика, фэнтези, боевик;2019;705;7.7
Знакомство с Факерами 2;Пол Вайц;США;комедия;2010;706;7.7
Неуловимые: Последний герой;Артем Аксененко;Россия;триллер, криминал, драма;2015;707;7.7
Стиляги;Валерий Тодоровский;Россия;комедия, мюзикл;2008;708;7.7
Папе снова 17;Бёрр Стирс;США;комедия;2008;709;7.7
День выборов;Олег Фомин;Россия;комедия;2007;710;7.7
Воздушный маршал;Хауме Кольет-Серра;США;триллер, боевик;2013;711;7.7
Между небом и землей;Марк Уотерс;США;мелодрама, комедия;2005;712;7.7
Миссия невыполнима: Последствия;Кристофер МакКуорри;США;боевик, триллер, приключения;2018;713;7.7
Метро;Антон Мегердичев;Россия;боевик, драма, триллер;2013;714;7.7
Особое мнение;Стивен Спилберг;США;фантастика, боевик, триллер;2002;715;7.7
После тебя;Анна Матисон;Россия;драма;2016;716;7.7
Чудо-женщина;Пэтти Дженкинс;США;боевик, приключения, фантастика;2017;717;7.7
Марли и я;Дэвид Фрэнкел;США;комедия;2008;718;7.7
Дамбо;Тим Бертон;США;семейный, фэнтези, приключения;2019;719;7.7
Рэмбо: первая кровь;Тед Котчефф;США;боевик, драма, триллер;1982;720;7.7
Невероятный Халк;Луи Летерье;США;боевик;2008;721;7.7
Призрак в доспехах;Руперт Сандерс;США;криминал, драма, фантастика, боевик;2017;722;7.7
Мэри и ведьмин цветок;Хиромаса Ёнэбаяси;Япония;анимация, приключения, аниме ;2017;723;7.7
Прошлой ночью в Нью-Йорке;Мэсси Таджедин;США;драма, мелодрама;2010;724;7.7
Три икса;Роб Коэн;США;триллер, боевик;2002;725;7.7
Тайное окно;Дэвид Кепп;США;ужасы, триллер, драма;2004;726;7.7
Расправь крылья;Николя Ванье;Франция;приключения, семейный;2019;727;7.7
Американский пирог: Все в сборе;Джон Харвитц;США;комедия;2012;728;7.7
1408;Микаэль Хофстрем;США;триллер, ужасы;2007;729;7.7
Ночные игры;Джон Фрэнсис Дейли;США;комедия, детектив;2018;730;7.7
Штурм Белого дома;Роланд Эммерих;США;драма, боевик;2013;731;7.7
Перевозчик 3;Оливье Мегатон;Франция;боевик;2009;732;7.7
Великий;Эндрю Левитас;США;драма;2020;733;7.7
Бешеные псы;Квентин Тарантино;США;триллер;1992;734;7.7
Миссия Невыполнима: Протокол Фантом;Брэд Берд;США;боевик;2011;735;7.7
Без меня;Кирилл Плетнев;Россия;мелодрама;2018;736;7.7
Любовь и другие лекарства;Эдвард Цвик;США;мелодрама, комедия;2010;737;7.7
Статский советник;Филипп Янковский;Россия;исторический, криминал, приключения;2005;738;7.7
Великий уравнитель;Антуан Фукуа;США;триллер, криминал, боевик;2014;739;7.7
Ван Гог. С любовью, Винсент;Дорота Кобела;Великобритания / Польша;анимация, драма, криминал, биография;2017;740;7.7
Знамение;Алекс Пройас;США;мистика, триллер, драма;2009;741;7.7
Поддубный;Глеб Орлов;Россия;драма, исторический;2013;742;7.7
Головоломка;Пит Доктер;США;анимация;2015;743;7.7
Двадцать одно;Роберт Лукетич;США;драма;2008;744;7.7
Гран Торино;Клинт Иствуд;США;драма;2008;745;7.7
Удивительное путешествие Доктора Дулиттла;Стивен Гейган;США;комедия;2020;746;7.7
Путь;Владимир Пасичник;Россия;приключения, боевик;2009;747;7.7
Петля времени;Райан Джонсон;США;боевик, фантастика;2012;748;7.7
Профессионал;Гэри МакКендри;США / Австралия;боевик, триллер;2011;749;7.7
Сияние;Стэнли Кубрик;Великобритания / США;триллер;1980;750;7.7
Один вдох;Елена Хазанова;Россия;спорт, драма;2020;751;7.7
Выстрел в пустоту;Рик Роман Во;США;триллер, драма, криминал;2017;752;7.7
Под покровом ночи;Том Форд;США;триллер, драма;2016;753;7.7
Рокки;Джон Г. Эвилдсен;США;спорт, мелодрама, драма;1976;754;7.7
Дом;Тим Джонсон;США;анимация, фэнтези, приключения, фантастика;2015;755;7.7
Отмель;Хауме Кольет-Серра;США;триллер, драма;2016;756;7.7
Миссия: Невыполнима 3;Джей Джей Абрамс;Германия / США;триллер, боевик, мистика, приключения;2006;757;7.7
Короли улиц;Дэвид Эйр;США;драма, триллер;2008;758;7.7
Приключения Тинтина: Тайна единорога;Стивен Спилберг;США / Новая Зеландия / Бельгия;семейный, анимация, приключения, мистика;2011;759;7.7
Смывайся!;Дэвид Бауэрс;США / Великобритания;семейный, комедия, анимация;2006;760;7.7
Лолита;Эдриан Лайн;США / Франция;мелодрама, драма;1997;761;7.7
Стань легендой! Бигфут младший;Джереми Дегрусон;Франция / Бельгия;анимация;2017;762;7.7
Больше чем секс;Айвэн Райтман;США;мелодрама, комедия;2011;763;7.7
Бегущий в лабиринте: Лекарство от смерти;Уэс Болл;США;фантастика, боевик, триллер;2018;764;7.7
Непосредственно Каха;Виктор Шамиров;Россия;комедия;2019;765;7.7
13;Гела Баблуани;США;драма, триллер;2010;766;7.7
Ветреная река;Тейлор Шеридан;США / Великобритания / Канада;триллер;2017;767;7.7
Падение ангела;Рик Роман Во;США;боевик, триллер;2019;768;7.7
Пункт назначения 5;Стивен Куэйл;США;триллер, ужасы;2011;769;7.7
Мюнхен: Возмездие;Стивен Спилберг;США;драма, триллер;2005;770;7.7
Бьютифул;Алехандро Гонсалес Иньярриту;Испания / Мексика;драма;2010;771;7.7
Сделка с дьяволом;Ренни Харлин;США;ужасы, триллер;2006;772;7.7
Не стучи дважды;Карадог В. Джеймс;Великобритания;ужасы;2016;773;7.7
Джонни Д;Майкл Манн;США;драма;2009;774;7.7
Прости за любовь;Федерико Моччиа;Италия;мелодрама;2008;775;7.7
Иностранец;Мартин Кэмпбелл;США;триллер, боевик;2016;776;7.7
Затащи меня в ад;Сэм Рэйми;США;триллер, ужасы;2009;777;7.7
Альфа;Альберт Хьюз;США;боевик, триллер, драма;2018;778;7.7
Заклятие 2;Джеймс Ван;США;ужасы;2016;779;7.7
Союзники;Роберт Земекис;США;триллер;2016;780;7.7
Возвращение;Андрей Звягинцев;Россия;драма;2003;787;7.6
Шестое чувство;М. Найт Шьямалан;США;документальный, мистика, триллер;1999;788;7.6
Бегущий по лезвию;Ридли Скотт;США;драма, фантастика;1982;789;7.6
Хижина в лесу;Дрю Годдард;США;ужасы, триллер;2012;790;7.6
Mamma Mia 2;Ол Паркер;США;мюзикл;2018;791;7.6
Далласский клуб покупателей;Жан-Марк Валле;США;драма;2013;792;7.6
Полет навигатора;Рэндал Клайзер;США;детский, приключения, фантастика;1986;793;7.6
Схватка;Джо Карнахан;США;триллер;2012;794;7.6
12 лет рабства;Стив МакКуин;США / Великобритания;драма, исторический, биография;2013;795;7.6
Иван Царевич и Серый Волк;Владимир Торопчин;Россия;комедия, анимация, сказка;2011;796;7.6
Бесславные ублюдки;Квентин Тарантино;Германия / США;драма, военный, приключения, боевик;2009;797;7.6
Вавилон;Алехандро Гонсалес Иньярриту;США / Мексика;триллер, драма;2006;798;7.6
Тайна красной планеты 3D;Саймон Уэллс;США;анимация, семейный;2011;799;7.6
Призрачный патруль;Роберт Швентке;США;боевик, комедия, криминал;2013;800;7.6
Глубоководный горизонт;Питер Берг;США;драма;2016;801;7.6
Город воров;Бен Аффлек;США;драма, мелодрама, триллер, криминал;2010;802;7.6
Призрачный гонщик;Марк Стивен Джонсон;США;триллер, боевик, фэнтези;2007;803;7.6
Пассажир;Хауме Кольет-Серра;США;боевик, триллер;2018;804;7.6
22 пули. Бессмертный;Ришар Берри;Франция;криминал;2010;805;7.6
Матильда;Алексей Учитель;Россия;драма, биография, триллер;2017;806;7.6
Игра на понижение;Адам МакКей;США;драма;2016;807;7.6
Перси Джексон и похититель молний;Крис Коламбус;Канада / США;фэнтези, сказка;2009;808;7.6
Аноним;Роланд Эммерих;Германия / Великобритания;драма;2011;809;7.6
Мама;Андрес Мускетти;США;ужасы;2013;810;7.6
Большие Мамочки. Сын как отец;Джон Уайтселл;США;комедия;2011;811;7.6
Трио из Бельвилля;Сильвэн Шомэ;Франция / Бельгия / Канада / Великобритания / Латвия;комедия, анимация;2003;812;7.6
Охота на пиранью;Андрей Кавун;Россия;триллер, криминал, боевик;2006;813;7.6
Дыши во мгле;Дэниэл Роби;Франция;фантастика, драма;2018;814;7.6
Жизнь в розовом цвете;Оливье Даан;Франция / Великобритания / Чехия;биография, драма, мюзикл;2007;815;7.6
Вверх;Пит Доктер;США;анимация, семейный, приключения;2009;816;7.6
Росомаха: Бессмертный;Джеймс Мэнголд;США;приключения, боевик;2013;817;7.6
Простые сложности;Нэнси Мейерс;США;мелодрама, комедия;2009;818;7.6
Мачете;Роберт Родригес;США;боевик, криминал, триллер;2010;819;7.6
Гнездо жаворонка;Паоло Тавиани;Италия / Испания / Великобритания / Франция / Болгария;драма;2007;820;7.6
Одинокий мужчина;Том Форд;США;драма;2009;821;7.6
Норвежский лес;Чан Ань Хунг;Япония;драма;2010;822;7.6
Вселенная Стивена Хокинга;Джеймс Марш;Великобритания;биография, драма;2014;823;7.6
Орел Девятого легиона;Кевин МакДональд;США;драма;2010;824;7.6
Миссия невыполнима: Племя изгоев;Кристофер МакКуорри;США;приключения, боевик, триллер;2015;825;7.6
Вечные;Хлоя Чжао;США;фантастика, боевик;2021;826;7.6
Женщина в черном;Джеймс Уоткинс;Великобритания;триллер, ужасы, драма;2012;827;7.6
Гордость и предубеждение;Джо Райт;Франция / Великобритания;мелодрама, драма;2005;828;7.6
На пятьдесят оттенков темнее;Джеймс Фоули;США;драма, мелодрама;2017;829;7.6
Лето. Одноклассники. Любовь;Лиза Азуэлос;США;комедия;2012;830;7.6
Джой;Дэвид О. Расселл;США;драма;2015;831;7.6
Не брать живым;Пол Гринграсс;США / Великобритания;драма, военный;2009;832;7.6
Убийство в Восточном экспрессе;Кеннет Брана;США;детектив, триллер;2017;833;7.6
Ничего хорошего в отеле «Эль Рояль»;Дрю Годдард;США;триллер;2018;834;7.6
Монгол. Часть первая;Сергей Бодров;Казахстан / Россия / Германия;исторический, драма, биография;2007;835;7.6
Жизнь Пи;Энг Ли;США / Китай;приключения, драма;2012;836;7.6
Фиксики. Большой секрет;Андрей Колпин;Россия;анимация, детский, семейный, приключения;2017;837;7.6
Горячие новости;Андерс Банке;Россия / Швеция;боевик;2009;838;7.6
Секретная служба Санта Клауса;Сара Смит;США / Великобритания;анимация;2011;839;7.6
Rammstein: Paris!;Юнас Окерлунд;Германия;мюзикл;2016;840;7.6
Артур и месть Урдалака;Люк Бессон;Франция;сказка, семейный, анимация;2009;841;7.6
Близнецы;Айвэн Райтман;США;комедия;1988;842;7.6
Капитан Филлипс;Пол Гринграсс;США;драма;2013;843;7.6
Сезон охоты 3;Коуди Камерон;США;детский, анимация;2010;844;7.6
Телепорт;Даг Лайман;США;триллер, фантастика, драма, приключения;2008;845;7.6
Дюнкерк;Кристофер Нолан;США / Великобритания / Франция;драма, военный, исторический;2017;846;7.6
Легенда о Коловрате;Джаник Файзиев;Россия;приключения, фэнтези, исторический;2017;847;7.6
Дракула;Фрэнсис Форд Коппола;США;ужасы, мелодрама, триллер, фантастика, драма;1992;848;7.6
Милый друг;Деклан Доннеллэн;Великобритания;драма;2011;849;7.6
Еще одна из рода Болейн;Джастин Чадвик;Великобритания;драма, исторический;2008;850;7.6
Разлом Сан-Андреас;Брэд Пейтон;США;боевик, приключения;2015;851;7.6
Голос монстра;Хуан Антонио Байона;США / Испания;фантастика, фэнтези;2016;852;7.6
Ограбление на Бейкер-Стрит;Роджер Дональдсон;США / Великобритания;триллер;2008;853;7.6
Выкрутасы;Лео Габриадзе;Россия;мелодрама, комедия, спорт;2010;854;7.6
Очень плохая училка;Джейк Кэздан;США;комедия;2011;855;7.6
Красотка на всю голову;Эбби Кон;США;комедия;2018;856;7.6
Гагарин. Первый в космосе;Павел Пархоменко;Россия;исторический, драма, биография;2013;857;7.6
Мрачные тени;Тим Бертон;США;ужасы, драма;2012;858;7.6
Мой парень - псих;Дэвид О. Расселл;США;комедия, драма;2012;859;7.6
"Отель ""Гранд Будапешт""";Уэс Андерсон;США / Германия;комедия, драма;2014;860;7.6
Агент Джонни Инглиш: Перезагрузка;Оливер Паркер;США;комедия;2011;861;7.6
Стрелок;Антуан Фукуа;США;боевик, драма, триллер;2007;862;7.6
Ранэвэйс;Флория Сиджизмонди;США;драма, мюзикл;2010;863;7.6
Синистер 2;Киран Фой;США;ужасы;2015;864;7.6
Так себе каникулы;Уолт Бекер;США;комедия;2009;865;7.6
Артур и Минипуты;Люк Бессон;США / Франция;анимация, сказка, семейный;2006;866;7.6
Железная хватка;Итан Коэн;США;драма, вестерн;2010;867;7.6
Красная жара;Уолтер Хилл;США;комедия, триллер, криминал, боевик;1988;868;7.6
Мамма Миа!;Филлида Ллойд;Великобритания / США;комедия, мелодрама, мюзикл;2008;869;7.6
Монстро;Мэтт Ривз;США;боевик, триллер, драма, фантастика;2008;870;7.6
Люди Икс: Апокалипсис;Брайан Сингер;США;боевик, фэнтези, приключения, фантастика;2016;871;7.6
Три богатыря и принцесса Египта;Константин Феоктистов;Россия;анимация, приключения, детский;2017;872;7.6
Дьявол носит Prada;Дэвид Фрэнкел;США;комедия, драма;2006;873;7.6
Бегущий человек;Пол Майкл Глэйзер;США;боевик, триллер, фантастика;1987;874;7.6
Чужой 4: Воскрешение;Жан-Пьер Жене;США;триллер, боевик, ужасы, фантастика;1997;875;7.6
Эволюция Борна;Тони Гилрой;США;боевик;2012;876;7.6
Больше, чем друг;Джош Гордон;США;мелодрама, комедия;2010;877;7.6
И гаснет свет...;Дэвид Ф. Сандберг;США;ужасы;2016;878;7.6
Наемник;Майкл Куэста;США;боевик, триллер;2017;879;7.6
Убежище;Манс Марлинд;США;триллер, ужасы;2010;880;7.6
Оно;Дэвид Роберт Митчелл;США;детектив, ужасы;2014;881;7.6
Рэмбо IV;Сильвестр Сталлоне;США;триллер, боевик, драма;2007;884;7.6
P.S. Я люблю тебя;Ричард ЛаГравенезе;США;комедия, драма;2007;885;7.6
Босс-молокосос;Том МакГрат;США;комедия, семейный;2017;886;7.6
Наркоз;Джоби Хэролд;США;триллер, драма;2007;887;7.6
Рок-н-рольщик;Гай Ричи;Великобритания;боевик;2008;888;7.6
Покемон. Детектив Пикачу;Роб Леттерман;США;детектив, комедия;2019;889;7.6
Рыбка Поньо на утесе;Хаяо Миядзаки;Япония;анимация, семейный, приключения, аниме ;2008;890;7.6
Сказки на ночь;Адам Шэнкман;США;фэнтези, комедия;2008;891;7.6
Отголоски прошлого;Пол Мориссон;Великобритания;драма, биография;2008;892;7.6
Любовь с ограничениями;Дмитрий Тюрин;Россия;комедия, мелодрама;2016;893;7.6
Мертвец;Джим Джармуш;США / Германия / Япония;криминал, вестерн, драма, приключения;1995;894;7.6
Сатисфакция;Анна Матисон;Россия;драма;2010;895;7.6
Между нами горы;Хани Абу-Ассад;США;мелодрама, драма;2017;896;7.6
Совокупность лжи;Ридли Скотт;США;драма;2008;897;7.6
Прощай, детка, прощай;Бен Аффлек;США;драма, криминал, мистика;2007;898;7.6
Прибытие;Дени Вильнев;США;фантастика;2016;899;7.6
Крутая Джорджия;Гэрри Маршалл;США;мелодрама, драма, комедия;2007;900;7.6
Принцесса и лягушка;Рон Клементс;США;мелодрама, мюзикл, комедия, семейный, анимация;2009;901;7.6
Город грехов 2: Женщина, ради которой стоит убивать;Фрэнк Миллер;США;драма, криминал, боевик, триллер;2014;902;7.6
Шаг вперед 2: улицы;Джон М. Чу;США;мелодрама, драма, мюзикл;2008;903;7.6
Мой сосед Тоторо;Хаяо Миядзаки;Япония;аниме , сказка, семейный, анимация;1988;904;7.6
Первый мститель: Другая война;Энтони Руссо;США;приключения, фантастика, боевик;2014;905;7.6
Сердцеед;Паскаль Шомель;Франция / Монако;комедия;2010;906;7.6
Шесть демонов Эмили Роуз;Скотт Дерриксон;США;ужасы, драма, триллер;2005;907;7.6
Страшно красив;Даниел Барнз;США;мелодрама, ужасы, фэнтези;2010;908;7.6
Астрал: Глава 2;Джеймс Ван;США;ужасы, триллер;2013;909;7.6
Не дыши;Федерико Альварес;США;триллер;2016;910;7.6
Тобол;Игорь Зайцев;Россия;драма, исторический;2018;911;7.6
Отпетые мошенницы;Крис Эддисон;США;комедия;2019;912;7.6
Экзамен;Стюарт Хэзелдайн;Великобритания;триллер;2009;913;7.6
Шаг вперед 3;Джон М. Чу;США;мюзикл, драма, мелодрама;2010;914;7.6
Аисты;Николас Столлер;США;комедия, анимация;2016;915;7.6
Оно 2;Андрес Мускетти;США;ужасы, триллер;2019;916;7.6
Фокус;Гленн Фикарра;США;комедия;2015;917;7.6
1917;Сэм Мендес;Великобритания / США;военный, драма;2019;918;7.6
Кредо убийцы;Джастин Курзель;США;фантастика, боевик, приключения;2016;919;7.6
Домовой;Евгений Бедарев;Россия;комедия, фэнтези, семейный;2019;920;7.6
Калашников;Константин Буслов;Россия;военный, исторический;2020;921;7.6
Как выйти замуж за миллиардера;Фил Трейлл;Великобритания;комедия;2010;922;7.6
Призрачная красота;Дэвид Фрэнкел;США;драма;2016;923;7.6
Господа офицеры: спасти императора;Олег Фомин;Россия;исторический, драма;2008;924;7.6
В поисках Дори;Эндрю Стэнтон;США;комедия, приключения, анимация;2016;925;7.6
Проклятие;Такаши Шимицу;Япония / США / Германия;триллер, ужасы, драма;2004;926;7.6
Бункер;Андрес Баиз;Испания / Колумбия;триллер;2011;927;7.6
Искупление;Джо Райт;Великобритания;драма;2007;928;7.6
Фонтан;Даррен Аронофски;США;фантастика, драма, мелодрама;2006;929;7.6
Пила 3;Даррен Линн Боусман;США;триллер, криминал, ужасы;2006;930;7.6
Дитя тьмы;Хауме Кольет-Серра;США;драма, мистика, ужасы;2009;931;7.6
Судья Дредд;Пит Трэвис;Великобритания;фантастика, боевик;2012;932;7.6
"""Старый"" новый год";Гэрри Маршалл;США;мелодрама, комедия;2011;933;7.6
Шаг вперед 4;Скотт Спир;США;мелодрама, драма, мюзикл;2012;934;7.6
Хортон;Стив Мартино;США;семейный, анимация, приключения;2008;935;7.6
Одноклассники;Деннис Дуган;США;комедия;2010;936;7.6
Дэдпул;Тим Миллер;США / Канада;фэнтези, фантастика, боевик;2016;937;7.6
Союз спасения;Андрей Кравчук;Россия;драма, исторический, приключения;2019;938;7.6
Винчестер. Дом, который построили призраки;Питер Спириг;США;мистика, триллер;2018;939;7.6
Нерв;Генри Джуст;США;триллер;2016;940;7.6
Охота на воров;Кристиан Гьюдгэст;США;боевик, триллер;2018;941;7.6
Любовь в большом городе;Марюс Вайсберг;Россия;мелодрама, комедия;2008;942;7.6
99 франков;Ян Кунен;Франция;комедия;2007;943;7.6
Хроники Нарнии: Принц Каспиан;Эндрю Адамсон;Великобритания / США;семейный, сказка, приключения;2008;944;7.6
Оверлорд;Джулиус Эйвери;Великобритания;боевик;2018;945;7.6
Хоттабыч;Петр Точилин;Россия;семейный, комедия, сказка;2006;946;7.6
Трансформеры: Эпоха истребления;Майкл Бэй;США;фантастика, боевик;2014;947;7.6
Бросок Кобры;Стивен Соммерс;США;боевик;2009;948;7.6
Это всего лишь конец света;Ксавье Долан;Франция / Канада;драма;2016;949;7.6
Люди Икс. Последняя битва;Бретт Рэтнер;США;фантастика, триллер, боевик;2006;950;7.6
Живое;Даниэль Эспиноса;США;фантастика, триллер;2017;951;7.6
Погоня;Джон Синглтон;США;триллер, боевик;2011;952;7.6
Золотой компас;Крис Вайц;США / Великобритания;драма, приключения, семейный, сказка, триллер;2007;953;7.6
Нефть;Пол Томас Андерсон;США;драма;2007;954;7.6
Дом грез;Джим Шеридан;США;триллер;2011;955;7.6
Боевой конь;Стивен Спилберг;США;военный;2011;956;7.6
Охотники на ведьм;Томми Виркола;США / Германия;комедия, боевик, ужасы;2012;957;7.6
Красавица и чудовище;Билл Кондон;США;фэнтези, мелодрама, мюзикл;2017;961;7.5
Счастливого дня смерти;Кристофер Лэндон;США;ужасы, триллер, детектив;2017;962;7.5
Мне бы в небо;Джейсон Райтман;США;комедия, драма;2009;963;7.5
Копы в глубоком запасе;Адам МакКей;США;комедия, боевик;2010;964;7.5
Четвертый вид;Олатунде Осунсанми;США;триллер;2009;965;7.5
Любой ценой;Дэвид Маккензи;США;криминал, драма;2016;966;7.5
Тайная жизнь домашних животных;Крис Рено;США;анимация, комедия;2016;967;7.5
День радио;Дмитрий Дьяченко;Россия;комедия;2008;968;7.5
В спорте только девушки;Евгений Невский;Россия;комедия, спорт;2013;969;7.5
Гоголь. Страшная месть;Егор Баранов;Россия;драма, исторический, мистика;2018;970;7.5
Летят журавли;Михаил Калатозов;СССР;мелодрама, военный, драма;1957;971;7.5
Пляж;Дэнни Бойл;США / Великобритания;драма, триллер, приключения;2000;972;7.5
Вам и не снилось;Илья Фрэз;СССР;драма;1980;973;7.5
Жена смотрителя зоопарка;Ники Каро;США;драма, биография, военный;2016;974;7.5
Великая стена;Чжан Имоу;США;триллер, мистика;2016;975;7.5
Подмена;Клинт Иствуд;США;мистика;2008;976;7.5
2001 год: Космическая одиссея;Стэнли Кубрик;США / Великобритания;фантастика, приключения;1968;977;7.5
Лев;Гарт Дэвис;Великобритания / Австралия / США;драма;2016;978;7.5
Американский психопат;Мэри Хэррон;США / Канада;ужасы, триллер, драма;2000;979;7.5
РЭД 2;Дин Паризо;США;боевик, комедия, триллер;2013;980;7.5
Девушка в поезде;Тейт Тэйлор;США;детектив, триллер;2016;981;7.5
Дело храбрых;Джозеф Косински;США;драма, боевик;2017;982;7.5
Чарли и шоколадная фабрика;Тим Бертон;США;приключения, сказка, комедия, семейный;2005;983;7.5
Страсти Христовы;Мэл Гибсон;США;драма;2004;984;7.5
Как украсть небоскреб;Бретт Рэтнер;США;комедия, боевик;2011;985;7.5
Пила 8;Майкл Спириг;США / Канада;ужасы, триллер;2017;986;7.5
Правила съема: Метод Хитча;Энди Теннант;США;комедия, мелодрама;2005;987;7.5
День Святого Валентина;Гэрри Маршалл;США;комедия, мелодрама;2010;988;7.5
Вне/себя;Тарсем Сингх;США;триллер, фантастика, драма;2015;989;7.5
Душевная кухня;Фатих Акин;Германия;комедия;2009;990;7.5
Доброе утро;Роджер Мишелл;США;комедия;2010;991;7.5
Эрагон;Стефан Фэнгмайер;США;семейный, приключения, сказка, боевик;2006;992;7.5
Кинг Конг;Джон Гиллермин;США;мелодрама, триллер, приключения, ужасы, боевик, фантастика;1976;993;7.5
Хорошо быть тихоней;Стивен Чбоски;США;драма, мелодрама;2012;994;7.5
Жизнь Адель;Абделатиф Кешиш;Франция;драма, мелодрама;2013;995;7.5
Несносные боссы;Сет Гордон;США;комедия;2011;996;7.5
Свадебный переполох;Адам Шэнкман;США / Германия;исторический, мелодрама;2001;997;7.5
Детям до 16...;Андрей Кавун;Россия;мелодрама;2010;998;7.5
История дельфина;Чарльз Мартин Смит;США;драма;2011;999;7.5
Стукач;Рик Роман Во;США;боевик, драма, триллер;2013;1000;7.5
Левша;Антуан Фукуа;США;спорт, драма;2015;1001;7.5
Город Кошек;Джейда Торун;США / Турция;документальный;2016;1002;7.5
Звонок 2;Хидео Наката;США;ужасы, триллер, мистика, драма;2005;1003;7.5
Поймай толстуху, если сможешь;Сет Гордон;США;криминал, комедия;2013;1004;7.5
Дети шпионов в 4D;Роберт Родригес;США;фантастика, приключения, семейный, боевик, комедия;2011;1005;7.5
Пол: Секретный материальчик;Грег Моттола;Франция / Великобритания / США / Испания;фантастика, комедия;2011;1006;7.5
Рамона и Бизус;Элизабет Аллен;США;комедия, семейный;2010;1007;7.5
Ученик;Кирилл Серебренников;Россия;драма;2016;1008;7.5
Бегущий в лабиринте;Уэс Болл;США;триллер, детектив, фантастика;2014;1009;7.5
Иллюзионист;Сильвен Шомэ;Великобритания / Франция;анимация;2009;1010;7.5
Судная ночь навсегда;Эверардо Валерио Гоут;США;ужасы, триллер, боевик;2021;1011;7.5
Лига справедливости;Зак Снайдер;США;фантастика, приключения, боевик, фэнтези;2017;1012;7.5
12 обезьян;Терри Гиллиам;США;фантастика, драма;1995;1013;7.5
Кожа, в которой я живу;Педро Альмодовар;Испания;драма;2011;1014;7.5
Шпионский мост;Стивен Спилберг;США;драма, триллер;2015;1015;7.5
Третий лишний;Сет МакФарлейн;США;комедия;2011;1016;7.5
Паразиты;Пон Чжун-хо;Корея;драма, триллер;2019;1017;7.5
Околофутбола;Антон Борматов;Россия;драма;2013;1018;7.5
Джастин Бибер: Никогда не говори никогда 3D;Джон М. Чу;США;мюзикл;2011;1019;7.5
Ты водишь!;Джефф Томсич;США;комедия;2018;1020;7.5
"Операция ""Валькирия""";Брайан Сингер;США / Германия;триллер;2008;1021;7.5
Путешествие к центру Земли 3D;Эрик Бревиг;США;приключения, боевик, фэнтези, семейный;2008;1022;7.5
Алиса в стране чудес;Тим Бертон;США;сказка, приключения, семейный;2010;1023;7.5
